{
    "name": "mqtt-source",
    "config": {
        "connector.class": "io.confluent.connect.mqtt.MqttSourceConnector",
        "tasks.max": 1,
        "mqtt.server.uri": "ssl://172.24.10.12:1883",
        "mqtt.topics": "instrumentation/+/state",
        "kafka.topic": "mqtt",
        "mqtt.ssl.key.store.path": "/home/cirei/Documents/kafka_2.13-3.6.1/cireiuonconfig/uonmqtt/truststore.jks",
        "mqtt.ssl.key.store.password": "wisewarekeystorepassword",
        "confluent.topic.bootstrap.servers": "172.25.255.222:9092",
        "confluent.topic.replication.factor": 1
    }
}
