{
    "name": "dump-ha-topic",
    "config": {
        "connector.class": "FileStreamSink",
        "tasks.max": 1,
        "file": "test-sink-transform.txt",
        "topics": "home_assistant",
        "transforms": "DropAndRenameFields",
        "transforms.DropAndRenameFields.type": "org.apache.kafka.connect.transforms.ReplaceField$Value",
        "transforms.DropAndRenameFields.exclude": "attributes,last_updated,context",
        "transforms.DropAndRenameFields.renames": "entity_id:id,state:state,last_changed:timestamp"
    }
}
