{
    "name": "flatten-ha-topic",
    "config": {
        "connector.class": "org.apache.kafka.connect.mirror.MirrorSourceConnector",
        "tasks.max": 1,
        "source.cluster.alias": "raw-ha",
        "target.cluster.alias": "ha-sensor",
        "source.cluster.bootstrap.servers": "192.168.215.66:9092",
        "target.cluster.bootstrap.servers": "192.168.215.66:9092",
        "topics": "home_assistant",
        "transforms": "FlattenAttributes,DeviceClassToKey,ExcludeTombstones",
        "transforms.FlattenAttributes.type": "org.apache.kafka.connect.transforms.Flatten$Value",
        "transforms.FlattenAttributes.delimiter": ".",
        "transforms.DeviceClassToKey.type": "org.apache.kafka.connect.transforms.ValueToKey",
        "transforms.DeviceClassToKey.fields": "attributes.device_class",
        "transforms.ExcludeTombstones.type": "org.apache.kafka.connect.transforms.Filter",
        "transforms.ExcludeTombstones.predicate.type": "org.apache.kafka.connect.transforms.predicates.RecordIsTombstone",
        "transforms.ExcludeTombstones.predicate.negate": "true"
    }
}
