{
    "name": "flatten-ha-topic",
    "config": {
        "connector.class": "FileStreamSink",
        "tasks.max": 1,
        "file": "test-sink-transform.txt",
        "topics": "home_assistant",
        "transforms": "FlattenAttributes,DeviceClassToHeaderKey,ExcludeNonDevices",
        "transforms.FlattenAttributes.type": "org.apache.kafka.connect.transforms.Flatten$Value",
        "transforms.FlattenAttributes.delimiter": ".",
        "transforms.DeviceClassToHeaderKey.type": "org.apache.kafka.connect.transforms.HeaderFrom$Value",
        "transforms.DeviceClassToHeaderKey.fields": "attributes.device_class",
        "transforms.DeviceClassToHeaderKey.headers": "device_class",
        "transforms.DeviceClassToHeaderKey.operation": "copy",
        "transforms.ExcludeNonDevices.type": "org.apache.kafka.connect.transforms.Filter",
        "transforms.ExcludeNonDevices.predicate": "HasDeviceClass",
        "predicates": "HasDeviceClass",
        "predicates.HasDeviceClass.name": "HasDeviceClass",
        "predicates.HasDeviceClass.type": "org.apache.kafka.connect.transforms.predicates.HasHeaderKey",
        "predicates.HasDeviceClass.pattern": "device_class"
    }
}
