{
    "name": "influx-source",
    "config": {
        "connector.class": "io.confluent.influxdb.source.InfluxdbSourceConnector",
        "tasks.max": 1,
        "kafka.topic": "influx-1",
        "influxdb.url": "http://172.25.255.224:8086",
        "influxdb.username": "wwdev",
        "influxdb.password": "password",
        "influxdb.db": "instrumentation",
        "influxdb.mode": "bulk",
        "topic.prefix": "influx_",
        "confluent.topic.bootstrap.servers": "172.25.255.224:9092",
        "confluent.topic.replication.factor": 1
    }
}
